roi,x,y
0,15.5,82.90234375
0,138.0,82.90234375
0,137.5,17.90234375
0,15.5,17.65234375
