roi,x,y
0,19.75,90.90234375
0,294.25,90.65234375
0,294.5,16.15234375
0,19.5,16.15234375
